<?xml version="1.0" encoding="UTF-8"?>

<extra>
<ImmersiveEducationInitiative>

<TITLE>Earth</TITLE>
<NAME>urn:iED:objects:planets:earth:000001</NAME>

<KEYWORDS>earth, planet, solar system, rocket world, stem, space, science</KEYWORDS>
<DATE_MODIFICATION>2012-04-25</DATE_MODIFICATION>

<ABOUT>This Immersive Education learning object, and all constituent elements that comprise this object (textures, audio files, sub-files, etc.), is part of the Rocket World project and has been designed and developed in conjunction with the Immersive Education Initiative. This object and its constituent elements are copyright (C) Immersive Education Initiative and available to the public under the open license defined by the corresponding COPYRIGHT and LICENSE tags.</ABOUT> 


<COPYRIGHT>Copyright © 2012 Immersive Education Initiative.  All Rights Reserved.</COPYRIGHT>
<DATE_COPYRIGHT>2012-04-25</DATE_COPYRIGHT>

<RIGHTSHOLDER>Rights for commercial use of this object have not been assigned or transferred to any entity, organization or individual.</RIGHTSHOLDER>

<ARTIST>Artist One</ARTIST>
<ARTIST>Artist Two</ARTIST>
<ARTIST>Artist Three</ARTIST>

<CREATOR>Creator One</CREATOR>
<CREATOR>Creator Two</CREATOR>
<CREATOR>Creator Three</CREATOR>

<CONTRIBUTORS>http://ImmersiveEducation.org/@/RocketWorld/contributors/urn:iED:objects:planets:earth:000001</CONTRIBUTORS>

<COMMUNITY>http://ImmersiveEducation.org/@/RocketWorld</COMMUNITY>

<LICENSE_NAME>Attribution-NonCommercial-ShareAlike 3.0 Unported (CC BY-NC-SA 3.0)</LICENSE_NAME>
<LICENSE>http://ImmersiveEducation.org/@/RocketWorld/license</LICENSE>

<CERTIFIED>This Immersive Education learning object and its constituent elements have been developed in full conformance with Immersive Education Initiative standards and best practices. The Immersive Eduction Initiative certifies that this object and its constituent elements conform to the open and royalty-free iED 3D/VR file format designed to facilitate "Create Once, Experience Everywhere" three-dimensional and virtual reality content. The certificate of standards compliance for this object is on file with the Immersive Education Initiative and is available to the public at the location designated in the corresponding CERTIFICATION tag. </CERTIFIED>

<DATE_CERTIFICATION>2012-04-30</DATE_CERTIFICATION>

<CERTIFICATION>http://ImmersiveEducation.org/@/RocketWorld/certification/urn:iED:objects:planets:earth:000001</CERTIFICATION>

</ImmersiveEducationInitiative>
<extra>